timestamp_ms,kind,displacement_mm_raw,displacement_mm_filt,angle_rad,x_arm_px,y_arm_px,x_ref_px,y_ref_px,flags,note
0,sample,0.00000,0.00000,0.00000,842.31000,412.07000,120.05000,408.91000,OK,
33,sample,0.00000,0.00000,0.00000,842.28000,412.05000,120.04000,408.92000,OK,
66,sample,0.00000,0.00000,0.00000,842.32000,412.08000,120.06000,408.90000,OK,
99,sample,0.00000,0.00000,0.00000,842.29000,412.06000,120.05500,408.91500,OK,
2000,sample,0.00000,0.00000,0.00000,845.10000,412.02000,122.90000,408.88000,OK,
2033,sample,0.00000,0.00000,0.00000,845.08000,412.04000,122.88000,408.90000,OK,
2066,sample,0.00000,0.00000,0.00000,845.12000,412.01000,122.92000,408.87000,OK,
2099,sample,0.00000,0.00000,0.00000,845.09000,412.03000,122.89500,408.89000,OK,
3000,event,,,,,,,,SYNC,mount_bump_start
3033,sample,0.00000,0.00000,0.00000,845.05000,412.05000,125.05000,408.92000,OK,
3066,sample,0.00000,0.00000,0.00000,845.11000,412.00000,125.10000,408.86000,OK,
3099,sample,0.00000,0.00000,0.00000,845.07000,412.02000,125.08000,408.88000,OK,
4000,sample,0.51200,0.21300,0.02559,945.10000,412.05000,125.06000,408.90000,OK,
4033,sample,0.49800,0.35600,0.02489,943.80000,412.04000,125.04000,408.91000,OK,
4066,sample,0.50500,0.42100,0.02524,944.50000,412.06000,125.07000,408.89000,OK,
5000,event,,,,,,,,SYNC,discharge_1
